{
    "busybox": "https://github.com/Magisk-Modules-Repo/busybox-ndk",
    "changelog": "https://raw.githubusercontent.com/VR-25/acc/master/changelog.md",
    "curl": "https://github.com/Zackptg5/Cross-Compiled-Binaries-Android/tree/master/curl",
    "onlineInstaller": "https://github.com/VR-25/acc/releases/download/v2025.1.4-rc/install-online.sh",
    "tgz": "https://github.com/VR-25/acc/releases/download/v2025.1.4-rc/acc_v2025.1.4-rc_202501040.tgz",
    "tgzInstaller": "https://github.com/VR-25/acc/releases/download/v2025.1.4-rc/install-tarball.sh",
    "version": "v2025.1.4-rc",
    "versionCode": 202501040,
    "zipUrl": "https://github.com/VR-25/acc/releases/download/v2025.1.4-rc/acc_v2025.1.4-rc_202501040.zip"
}
